TRACTCE,SR,mpd,mntd,PSVs,PSEs,PSR,PD,faith.no.root$PD
'000101,77,371.103629,48.83176029,0.570840823,0.472467225,43.9547434,3887.766791,3887.766791
'000102,78,359.2335437,57.40356225,0.552581965,0.447190126,43.10139324,4131.620914,4131.620914
'000300,61,319.2983773,62.03603512,0.491152701,0.383071779,29.96031474,3581.804795,3581.804795
'000601,94,370.7448281,51.35688333,0.570288908,0.494402651,53.60715731,4450.052845,4450.052845
'000603,72,372.8275345,60.93223991,0.573492578,0.437820994,41.29146565,3891.94508,3891.94508
'001100,60,357.1089941,60.27558563,0.549313929,0.447439563,32.95883575,3514.00252,3514.00252
'001700,69,336.2376041,56.18339738,0.517209039,0.526356038,35.68742371,3835.793672,3835.793672
'002200,41,282.7045193,96.53351179,0.43486312,0.406035511,17.82938792,3199.474183,3199.474183
'002400,51,297.2780101,78.25498039,0.457280426,0.392605004,23.32130172,3455.909804,3455.909804
'002700,57,311.5940818,65.21715418,0.479301763,0.419509937,27.32020047,3423.675031,3423.675031
'003200,64,346.8605576,62.96610711,0.53354953,0.377313225,34.14716994,3598.109378,3598.109378
'003300,54,349.171457,68.87947991,0.537104212,0.415173524,29.00362747,3352.736637,3352.736637
'003801,43,306.3339877,67.63265909,0.471210555,0.378615538,20.26205385,2859.931049,2859.931049
'003802,36,355.8853411,69.25644006,0.547431674,0.435333468,19.70754028,2508.509942,2508.509942
'005901,45,381.628423,67.48777384,0.587030323,0.53070536,26.41636453,3066.175341,3066.175341
'005902,49,350.7337906,63.14384127,0.539507432,0.480387954,26.43586418,3091.860067,3091.860067
'006800,43,338.6514331,65.16838133,0.520922051,0.371306375,22.3996482,2852.953436,2852.953436
'007700,48,313.2049982,63.61869744,0.481779714,0.349928454,23.12542625,3040.888965,3040.888965
'007801,42,311.0658671,78.12616286,0.47848925,0.372919852,20.0965485,3025.948666,3025.948666
'008100,54,330.9703207,64.36672898,0.509106773,0.432590901,27.49176575,3391.36211,3391.36211
'008200,65,339.2469712,59.89588976,0.521838123,0.461737318,33.91947797,3687.724369,3687.724369
'008300,54,317.5651072,68.87518024,0.488486542,0.404232678,26.37827324,3408.740383,3408.740383
'008400,60,348.2823406,60.02096543,0.535736552,0.42774,32.14419312,3473.307896,3473.307896
'008500,82,351.726879,51.56653209,0.541035028,0.489908358,44.36487226,4084.458643,4084.458643
'009500,73,358.0166892,57.5253481,0.550710169,0.434124042,40.20184235,3875.900482,3875.900482
'009600,62,336.0492767,60.2936281,0.51691935,0.352732404,32.04899968,3632.172758,3632.172758
'010600,82,378.4345144,56.81537495,0.582117373,0.42706884,47.73362461,4316.435626,4316.435626
'010700,68,366.3479691,61.97980233,0.563525549,0.401430491,38.31973736,3810.810285,3810.810285
'011000,62,354.0094359,63.26672676,0.544546112,0.436964215,33.76185896,3589.605414,3589.605414
'011703,104,364.9459557,45.50265846,0.561368939,0.469319551,58.38236962,4605.513505,4605.513505
'011704,60,337.9629884,60.20369067,0.519863068,0.374178669,31.19178409,3409.161537,3409.161537
'011800,111,363.4138408,39.89811258,0.559012201,0.528659653,62.05035433,4711.471146,4711.471146
'011998,77,345.7581283,57.22389595,0.531853747,0.395879238,40.95273848,4042.706259,4042.706259
'012001,82,348.3297843,51.05855454,0.535809531,0.433124062,43.9363815,4151.118583,4151.118583
'012003,86,356.3164453,52.38563784,0.548094811,0.434113726,47.13615376,4367.832991,4367.832991
'012101,59,359.0366443,62.72033999,0.552279089,0.434885367,32.58446626,3480.012777,3480.012777
'012102,60,347.3920831,67.24779997,0.534367136,0.371906307,32.06202818,3550.42093,3550.42093
'020101,61,403.2129505,67.88685238,0.620232178,0.568661217,37.83416284,3627.325533,3627.325533
'020102,74,373.3288556,52.69701599,0.574263722,0.580953172,42.49551544,3890.131708,3890.131708
'020201,33,383.7939836,89.13383773,0.590361441,0.525117504,19.48192755,2636.759247,2636.759247
'020301,7,340.2172093,219.8701243,0.523330568,0.425225663,3.663313975,1102.490002,1102.490002
'020302,7,339.2275256,226.5961866,0.521808212,0.399386351,3.652657482,1107.390911,1107.390911
'020304,3,217.7593507,188.050284,0.334962855,0.23907556,1.004888564,527.954817,326.639026
'020400,19,273.205802,144.4264841,0.420251958,0.414431089,7.984787196,2036.398626,2036.398626
'020500,1,NA,NA,NA,NA,NA,325.049996,NA
'020600,5,214.2050834,145.415902,0.329495591,0.278534758,1.647477957,682.153742,480.837951
'020700,15,314.6617875,154.6983383,0.484020584,0.362396221,7.260308755,1697.194115,1697.194115
'020902,15,355.4131596,79.35110393,0.546705355,0.451601227,8.200580325,1439.988855,1439.988855
'020903,1,NA,NA,NA,NA,NA,325.050022,NA
'021001,1,NA,NA,NA,NA,NA,325.049996,NA
'021200,44,404.6687929,59.47339559,0.622471592,0.26855915,27.38875004,2816.614072,2816.614072
'021300,12,281.2748066,128.8217615,0.432663903,0.297162299,5.191966834,1323.380493,1323.380493
'021400,35,393.293019,72.41811329,0.604973094,0.631436878,21.17405828,2506.393427,2506.393427
'021501,7,206.4931952,50.103202,0.317632973,0.317833545,2.223430812,701.73123,500.415439
'021502,2,21.491522,21.491522,0.033058795,0.032650661,0.066117589,335.795756,21.491522
'021503,3,165.7711767,133.6188247,0.254993353,0.140480948,0.764980058,474.744997,248.656765
'021504,1,NA,NA,NA,NA,NA,325.049996,NA
'021505,2,225.402328,225.402328,0.346719475,0.221900464,0.69343895,437.75116,225.402328
'021601,52,363.2792363,55.67542662,0.558805149,0.521512382,29.05786777,3077.251268,3077.251268
'021602,63,364.6069515,46.79535867,0.560847475,0.467396921,35.33339092,3190.06186,3190.06186
'021700,73,359.5202649,51.81533466,0.553023006,0.473647098,40.37067945,3787.635521,3787.635521
'021800,82,375.6868201,47.10118067,0.577890802,0.556244668,47.38704579,3910.62372,3910.62372
'021900,57,369.2005315,42.42184382,0.567913433,0.512927022,32.37106566,2931.716526,2931.716526
'022000,32,370.7812662,70.15129419,0.570344957,0.420335174,18.25103861,2412.316851,2412.316851
'022101,50,357.9706996,57.75510012,0.550639427,0.41414097,27.53197134,3028.551538,3028.551538
'022102,56,365.7567834,53.53095156,0.562616174,0.473599351,31.50650574,3191.988827,3191.988827
'022200,67,376.6669312,58.65251917,0.579398433,0.483932926,38.81969504,3820.111353,3820.111353
'022301,51,364.6750887,64.12275322,0.560952284,0.500383258,28.60856649,3158.99391,3158.99391
'022302,46,393.99882,67.26314663,0.606058775,0.439984122,27.87870364,3000.2558,3000.2558
'022400,60,357.1975373,50.25749762,0.549450129,0.44043503,32.96700775,3274.502969,3274.502969
'022700,59,374.3565015,45.81904981,0.575844474,0.438237733,33.97482394,3187.272993,3187.272993
'022801,55,375.5000714,54.16241631,0.577603541,0.481879131,31.76819476,3212.575921,3212.575921
'022802,56,372.3904501,63.87435181,0.572820244,0.478210466,32.07793366,3371.699069,3371.699069
'022901,69,383.4997915,51.99306464,0.589908908,0.444013432,40.70371468,3587.738398,3587.738398
'022902,53,379.4697033,60.47008572,0.583709727,0.449580808,30.93661553,3206.105587,3206.105587
'023000,59,381.5097581,54.3524999,0.58684779,0.47372635,34.62401961,3314.415744,3314.415744
'023100,1,NA,NA,NA,NA,NA,325.050021,NA
'023201,15,274.5046749,105.0452477,0.422249917,0.10123488,6.333748749,1461.360108,1461.360108
'023202,6,231.0073903,208.1677147,0.355341317,0.06885763,2.132047901,870.382547,669.066756
'023300,38,319.2642391,73.69729045,0.49110019,0.333393236,18.66180721,2778.315067,2778.315067
'023401,5,237.4445772,230.9239624,0.365243158,0.042321254,1.826215788,791.211936,589.896145
'023402,35,372.6988398,76.43554983,0.573294616,0.538151622,20.06531158,2570.673125,2570.673125
'023501,6,232.7601145,220.918771,0.358037401,0.351453296,2.148224405,888.8445572,686.1996212
'023502,1,NA,NA,NA,NA,NA,325.050022,NA
'023600,6,372.8130849,291.4232807,0.573470352,0.540313506,3.440822114,1101.440331,1101.440331
'023700,20,297.5839516,86.73118825,0.457751033,0.493085253,9.155020667,1791.73033,1791.73033
'023801,2,650.100017,650.100017,1,0.888888889,2,650.100017,650.100017
'023802,3,191.9269273,146.6967,0.295226776,0.263729929,0.885680328,494.361815,287.890391
'023901,2,237.157161,237.157161,0.364801042,0.364801042,0.729602085,443.628585,237.157161
'024003,1,NA,NA,NA,NA,NA,325.049999,NA
'024004,20,267.103791,143.2116359,0.410865695,0.405492304,8.217313907,2010.868409,2010.868409
'024005,1,NA,NA,NA,NA,NA,325.049996,NA
'024100,23,385.9517053,84.95408991,0.593680503,0.6370813,13.65465157,1938.603901,1938.603901
'024200,15,396.5479625,95.8205178,0.609979928,0.494385246,9.149698921,1585.527937,1585.527937
'024300,20,259.5319088,118.4724506,0.399218437,0.356616426,7.984368739,1857.89703,1857.89703
'024400,30,423.8019042,70.41542313,0.651902614,0.63042376,19.55707842,2290.667012,2290.667012
'024500,23,385.3914095,76.97954717,0.592818642,0.628667413,13.63482876,1910.014043,1910.014043
'024600,14,412.2641732,60.36210129,0.634154992,0.631824876,8.878169894,1270.694879,1270.694879
'024700,22,349.2633045,105.9919045,0.537245494,0.479347984,11.81940088,1990.932673,1990.932673
'024801,11,218.0739789,102.788242,0.335446821,0.328104004,3.689915029,1082.708757,881.392966
'024802,10,207.1976471,105.1464349,0.318716576,0.323759116,3.187165757,965.871106,764.555315
'024903,7,437.8271247,251.2824257,0.673476558,0.707022004,4.714335908,1267.707694,1267.707694
'024904,11,361.2601359,162.048928,0.555699317,0.489074054,6.112692492,1479.834409,1479.834409
'025100,1,NA,NA,NA,NA,NA,325.049996,NA
'025201,8,214.4077593,144.8374633,0.32980735,0.310290923,2.638458804,929.523108,728.207317
'025205,17,352.3809566,113.3308092,0.542041147,0.465693632,9.214699504,1813.752732,1813.752732
'025401,5,205.9851154,131.2767232,0.316851433,0.294433698,1.584257166,661.136357,454.664933
'025403,5,192.521136,62.985035,0.296140805,0.309372079,1.480704024,578.349562,377.033771
'025603,7,444.5954653,136.6115186,0.683887793,0.613989329,4.787214549,1024.11948,1024.11948
'025605,4,403.8572297,229.8949223,0.621223231,0.661122052,2.484892922,773.820517,773.820517
'025702,23,296.8713854,93.56973148,0.456654945,0.526044507,10.50306374,2114.855352,2114.855352
'025703,7,412.0192271,135.2318796,0.633778216,0.615236403,4.436447509,1054.254371,1054.254371
'025704,3,244.0313367,240.5942457,0.375375071,0.317852828,1.126125214,567.362796,366.047005
'025801,2,247.468419,247.468419,0.380662081,0.338366294,0.761324161,448.78421,247.468419
'025803,1,NA,NA,NA,NA,NA,325.050006,NA
'025805,2,101.466473,101.466473,0.156078256,0.156078256,0.312156512,375.783233,101.466473
'025905,1,NA,NA,NA,NA,NA,325.050006,NA
'025906,32,327.6834519,60.24113703,0.504050832,0.48160291,16.12962661,2135.86084,2135.86084
'025907,10,301.532659,176.2409785,0.463825032,0.387493818,4.638250321,1306.675219,1306.675219
'025908,6,455.9345162,235.7403992,0.701329802,0.570230815,4.207978812,1119.350493,1119.350493
'025909,2,225.402328,225.402328,0.346719475,0.346719475,0.69343895,437.75116,225.402328
'026005,15,377.4794395,153.7636035,0.580648254,0.168100288,8.709723808,1932.597903,1932.597903
'026006,23,327.2557273,122.2477368,0.503392894,0.28742888,11.57803656,2349.101972,2349.101972
'026007,32,318.1787158,90.37224228,0.48943041,0.343935583,15.66177314,2734.15907,2734.15907
'026013,22,327.179769,115.6913428,0.503276054,0.206146077,11.07207319,2244.747812,2244.747812
'026014,42,388.6744761,78.15466967,0.597868736,0.406284684,25.11048691,2928.808385,2928.808385
'026015,35,353.5012835,100.7683848,0.543764459,0.384716943,19.03175607,3094.039925,3094.039925
'026019,6,191.2943111,93.31977983,0.29425367,0.083601047,1.765522019,649.137138,447.821347
'026020,44,385.8028158,80.27243491,0.593451477,0.531174601,26.11186501,3161.47628,3161.47628
'026021,26,288.2751964,149.4270883,0.443432076,0.165607486,11.52923397,2687.260196,2687.260196
'026023,17,321.204852,189.6383505,0.494085288,0.313174515,8.3994499,2134.77405,2134.77405
'026024,17,314.4093209,145.5550856,0.483632234,0.261012531,8.221747978,1863.918174,1863.918174
'026025,25,314.191419,139.8506901,0.483297051,0.21544923,12.08242628,2576.000861,2576.000861
'026026,18,349.2132476,145.3739434,0.537168495,0.377042611,9.669032915,2070.60089,2070.60089
'026027,25,344.5068629,131.3562453,0.52992902,0.271933559,13.24822549,2559.246933,2559.246933
'026028,19,347.1564054,129.103426,0.534004611,0.369603267,10.14608761,2125.769988,2125.769988
'026101,54,340.8273125,60.47302104,0.524269044,0.44212805,28.31052835,3284.538643,3284.538643
'026103,54,317.4462724,60.86538472,0.488303748,0.463297374,26.36840238,3258.69824,3258.69824
'026104,71,334.3933976,57.7794583,0.514372236,0.397636872,36.52042873,3904.112952,3904.112952
'026201,52,311.7092565,62.2673464,0.479478927,0.481528038,24.93290419,3336.299332,3336.299332
'026202,67,324.2212181,66.64084153,0.498725136,0.508897565,33.41458414,4139.101864,4139.101864
'026205,54,356.7584714,55.61033444,0.548774747,0.559751474,29.63383636,3138.709928,3138.709928
'026206,52,349.183347,72.84778398,0.537122503,0.425361223,27.93037013,3483.286507,3483.286507
'026207,63,343.4987964,55.38700957,0.528378386,0.508714277,33.28783832,3509.507296,3509.507296
'026208,71,351.5033825,48.88144803,0.540691239,0.619921977,38.38907794,3742.768331,3742.768331
'026301,59,334.0012552,50.24032902,0.513769033,0.480840987,30.31237293,3282.409127,3282.409127
'026302,93,338.2055965,54.05180007,0.520236254,0.480368771,48.38197162,4649.578601,4649.578601
'026403,54,331.6740134,60.27792324,0.510189212,0.431112406,27.55021744,3261.279448,3261.279448
'026404,81,362.8718434,53.92365902,0.558178488,0.521702288,45.21245749,4099.077488,4099.077488
'026405,47,341.2816395,54.76786209,0.524967901,0.490126949,24.67349136,2879.100979,2879.100979
'026406,21,291.6011383,78.65902776,0.448548123,0.483874509,9.41951058,1844.760961,1844.760961
'026505,63,359.8109715,52.32318106,0.553470179,0.497490644,34.8686213,3358.701519,3358.701519
'026507,62,353.5869703,46.65781421,0.543896266,0.469088667,33.72156849,3225.110022,3225.110022
'026508,59,366.6419117,39.83622346,0.5639777,0.481122183,33.27468428,3050.817479,3050.817479
'026509,55,363.5644198,46.40528138,0.559243826,0.521177879,30.75841044,2942.22738,2942.22738
'026510,47,356.7827161,59.73613989,0.54881204,0.491430196,25.79416586,2983.199831,2983.199831
'026511,60,349.3194709,48.65307843,0.537331892,0.457071199,32.2399135,3332.545291,3332.545291
'026514,63,376.6619309,54.378831,0.579390742,0.464048186,36.50161672,3466.957786,3466.957786
'026515,53,358.5747824,46.02187919,0.551568642,0.449382419,29.23313803,2881.671382,2881.671382
'026516,67,376.9450681,56.16191642,0.57982627,0.505460569,38.84836009,3691.55474,3691.55474
'026605,57,357.6275826,28.64373242,0.550111636,0.534130138,31.35636324,2553.107908,2553.107908
'026606,64,367.5816355,56.12833547,0.565423206,0.581293874,36.18708521,3546.794523,3546.794523
'026609,65,382.9396762,46.18408126,0.589047326,0.554892507,38.2880762,3343.378165,3343.378165
'026610,81,360.7787584,46.01743529,0.554958852,0.559960929,44.95166704,3854.402722,3854.402722
'026611,62,372.3701268,39.75316887,0.572788984,0.52562294,35.51291699,2945.642261,2945.642261
'026614,59,340.4495923,48.55392454,0.523688025,0.472320548,30.89759346,3154.308275,3154.308275
'026615,60,385.8778201,45.33132573,0.593566851,0.381669046,35.61401106,3131.922468,3131.922468
'026616,51,353.3050891,44.55759553,0.543462669,0.514047828,27.71659612,2749.971227,2749.971227
'026617,48,350.2875913,43.82403455,0.538821079,0.488452787,25.86341179,2678.62769,2678.62769
'026702,5,225.3616292,182.59217,0.346656866,0.313352119,1.73328433,730.797196,529.481405
'026706,9,390.3707,166.7246216,0.600477911,0.655149278,5.404301198,1320.178501,1320.178501
'026707,26,371.6472739,44.91068062,0.571677072,0.605718093,14.86360388,1844.762713,1844.762713
'026708,3,216.2427273,207.0831277,0.33262995,0.317124149,0.997889849,536.712923,324.364091
'026711,1,NA,NA,NA,NA,NA,325.050006,NA
'026712,3,230.231974,212.9955223,0.354148549,0.257884403,1.062445648,546.663752,345.347961
'026713,2,247.46843,247.46843,0.380662091,0.285496568,0.761324182,448.784221,247.46843
'026718,4,230.7620147,226.787849,0.354963874,0.350217362,1.419855497,667.477724,461.0063
'026719,7,341.7157044,205.4637051,0.52563559,0.223821646,3.679449129,1083.571881,1083.571881
'026720,2,247.46843,247.46843,0.380662091,0.186446739,0.761324182,448.784221,247.46843
'026721,18,260.9467622,118.8505239,0.401394799,0.33423235,7.225106388,1695.442112,1695.442112
'026722,4,204.6700533,119.073322,0.31482857,0.215272289,1.25931428,567.857532,366.541741
'026723,6,370.7327442,279.4683925,0.57027032,0.425810045,3.421621919,1084.284594,1084.284594
'026724,13,291.2817261,178.3568758,0.448056793,0.336457914,5.824738309,1610.207457,1610.207457
'026725,7,191.9718844,72.04656114,0.295295931,0.104589664,2.067071515,672.236235,470.920444
'026726,16,266.652374,109.6689311,0.410171314,0.348268407,6.562741031,1555.883257,1555.883257
'026807,38,346.827924,57.21331832,0.533499333,0.345204235,20.27297466,2428.677206,2428.677206
'026809,23,317.6138902,76.06311552,0.488561582,0.361423748,11.2369164,1952.304994,1952.304994
'026811,37,307.6081873,69.53644727,0.473170562,0.345599971,17.50731078,2656.549304,2656.549304
'026812,32,292.2871813,57.84884209,0.449603411,0.333111661,14.38730914,2254.649916,2254.649916
'026814,31,302.444736,78.55843974,0.465228012,0.317417124,14.42206837,2492.201322,2492.201322
'026815,28,308.6355661,81.40446786,0.474750901,0.328377102,13.29302523,2362.930145,2362.930145
'026816,35,333.831569,86.915729,0.513508017,0.320768066,17.9727806,2930.457727,2930.457727
'026818,22,257.0623134,79.81236864,0.395419644,0.309271878,8.699232159,1811.170049,1811.170049
'026819,11,216.5514543,101.2374391,0.333104834,0.301370299,3.664153178,1070.403399,869.087608
'026822,19,304.5010728,58.40068068,0.468391121,0.331936507,8.899431304,1695.752019,1695.752019
'026823,30,349.3329984,90.66149007,0.537352699,0.35772157,16.12058098,2663.690074,2663.690074
'026824,40,300.9717562,65.84281103,0.462962238,0.334637556,18.51848952,2728.51558,2728.51558
'026825,19,220.4990609,80.18057884,0.339177142,0.295016239,6.444365707,1514.781986,1313.466195
'026826,33,328.5382696,57.81850591,0.505365733,0.455421601,16.6770692,2331.099176,2331.099176
'026827,8,219.6449335,117.6204449,0.337863301,0.239396931,2.702906411,906.332357,705.016566
'026828,26,312.5453231,85.07475435,0.480764986,0.371462546,12.49988963,2299.721021,2299.721021
'026903,5,191.5972716,55.0094288,0.29471969,0.20858828,1.473598449,566.485768,365.169977
'026906,11,282.0806296,142.5682404,0.433903438,0.159168672,4.772937817,1236.844379,1236.844379
'026907,26,350.976275,74.25672092,0.539880428,0.099079658,14.03689112,1976.716271,1976.716271
'026908,3,244.031334,240.5942417,0.375375069,0.025809931,1.126125206,567.362792,366.047001
'026910,22,251.6591199,75.62566777,0.387108318,0.308315757,8.516382995,1692.093281,1692.093281
'026911,3,244.031336,240.594244,0.375375071,0.262448657,1.126125212,567.362795,366.047004
'026912,35,289.6798619,70.07508178,0.445592766,0.374151502,15.5957468,2555.124404,2555.124404
'027001,28,275.7378601,52.29460289,0.424146833,0.314594033,11.87611132,1976.777102,1976.777102
'027002,13,276.5707663,133.5732927,0.42542803,0.144185504,5.530564388,1380.065959,1380.065959
'027101,46,338.9134727,48.67185939,0.521325128,0.406075513,23.9809559,2678.277215,2678.277215
'027102,12,349.7820569,92.38440742,0.538043453,0.201380452,6.456521435,1390.735805,1390.735805
'027202,2,247.46842,247.46842,0.380662082,0.243623732,0.761324163,448.784211,247.46842
'027203,35,385.2295545,56.38497183,0.592569674,0.401385228,20.73993857,2410.631176,2410.631176
'027204,40,377.7913221,54.73023178,0.581128,0.368751541,23.24512,2507.959532,2507.959532
'027205,62,375.8967603,47.85681637,0.578213737,0.467898911,35.84925169,3256.388341,3256.388341
'027300,12,400.8028925,162.7073273,0.616524968,0.137747611,7.398299611,1613.763517,1613.763517
'027400,2,247.46842,247.46842,0.380662082,0.008852304,0.761324163,448.784211,247.46842
'027501,38,320.1506623,54.47942468,0.492463707,0.351336998,18.71362086,2542.03979,2542.03979
'027503,36,323.2654157,42.64609306,0.497254898,0.327633577,17.90117633,2377.193485,2377.193485
'027504,39,332.1119737,76.58033077,0.510862892,0.366281584,19.9236528,2832.287604,2832.287604
'027601,16,384.0622865,108.7369287,0.590774154,0.294904406,9.452386463,1653.319442,1653.319442
'027602,9,382.8819567,135.9547804,0.588958541,0.203430692,5.300626868,1234.764649,1234.764649
'027701,23,315.3331375,69.59433383,0.485053271,0.307912502,11.15622522,1851.239328,1851.239328
'027702,2,247.468432,247.468432,0.380662093,0.022552653,0.761324186,448.784223,247.468432
'027703,21,292.6792349,99.10363338,0.450206476,0.176644481,9.454335986,1898.18933,1898.18933
'030100,76,347.7154153,52.15421724,0.534864494,0.408345815,40.64970152,3887.681843,3887.681843
'030201,61,337.7768675,58.35229256,0.519576773,0.385725531,31.69418315,3451.074593,3451.074593
'030202,33,350.805467,63.36210588,0.539617688,0.373069062,17.80738372,2416.910119,2416.910119
'030300,62,327.6867732,57.67150108,0.504055939,0.380944032,31.25146824,3483.069029,3483.069029
'030400,56,352.824937,53.56951477,0.542724087,0.395030248,30.39254885,3064.093,3064.093
'030500,52,352.4151542,57.33575223,0.542093749,0.383309767,28.18887493,3054.45132,3054.45132
'030601,53,351.4123735,61.21927285,0.540551246,0.394397521,28.64921606,3224.248329,3224.248329
'030602,59,367.1975474,62.65570197,0.564832392,0.447849417,33.32511115,3426.905363,3426.905363
'030702,64,366.7012008,51.95251161,0.5640689,0.457829877,36.1004096,3448.241271,3448.241271
'030703,45,332.3399185,64.89696656,0.511213522,0.357274552,23.0046085,2895.334076,2895.334076
'030704,40,316.0887119,70.07305298,0.486215514,0.377381531,19.44862057,2802.726774,2802.726774
'030800,46,287.3996858,69.50755704,0.442085342,0.396138855,20.33592574,2967.730614,2967.730614
'030900,40,277.9216383,63.04688828,0.427505974,0.386457564,17.10023897,2607.668561,2607.668561
'031000,46,290.2347351,69.08702091,0.446446285,0.35014262,20.53652911,3005.943147,3005.943147
'031100,55,276.3130495,63.87224627,0.425031603,0.439956453,23.37673819,3226.913818,3226.913818
'031200,50,356.861291,61.29675044,0.548932906,0.390065274,27.44664532,2986.489211,2986.489211
'031300,39,280.8844225,69.74378308,0.432063402,0.362836002,16.85047269,2744.109326,2744.109326
'031400,38,261.280889,81.36794337,0.401908761,0.388360052,15.27253291,2653.238552,2653.238552
'031500,39,256.8543122,70.36976718,0.39509969,0.372526086,15.40888792,2492.549918,2492.549918
'031600,41,258.3653996,82.73071649,0.397424083,0.406275706,16.2943874,2738.66004,2738.66004
'031701,42,290.7286067,56.20718602,0.447205971,0.334829114,18.78265079,2525.208204,2525.208204
'031702,43,324.785019,59.17917747,0.499592389,0.382338336,21.48247273,2784.954268,2784.954268
'031801,43,308.8356455,57.27036328,0.475058667,0.370480679,20.42752268,2692.637003,2692.637003
'031802,54,350.4683224,64.94637519,0.539099083,0.371891295,29.11135049,3249.848009,3249.848009
'031900,46,342.1731076,60.62115096,0.526339178,0.387824707,24.21160218,2875.873976,2875.873976
'032000,52,294.2292857,55.4704855,0.452590803,0.395189321,23.53472174,3000.10201,3000.10201
'032100,41,235.1138788,57.03839659,0.361658017,0.365813548,14.82797868,2296.617443,2296.617443
'032200,39,240.836537,71.87134685,0.370460751,0.332142401,14.44796927,2497.594564,2497.594564
'032300,53,327.54686,47.28762002,0.503840722,0.378899887,26.70355826,2864.15674,2864.15674
'032400,41,340.5223093,55.73711902,0.523799879,0.417367247,21.47579504,2565.542489,2565.542489
'032500,39,316.5388062,51.60824964,0.48690786,0.355119029,18.98940655,2492.017134,2492.017134
'032600,30,244.6705032,70.04736377,0.376358253,0.337967595,11.29074759,2046.000444,2046.000444
'032700,29,242.6768339,63.75571514,0.373291541,0.394394843,10.8254547,1915.281596,1915.281596
'033000,29,276.4734839,90.60283383,0.425278387,0.355766959,12.33307322,2335.591219,2335.591219
'033100,31,293.1666989,74.58812245,0.450956303,0.347329442,13.9796454,2279.410654,2279.410654
'033200,54,340.845585,56.3557833,0.52429715,0.403442254,28.31204608,3154.945567,3154.945567
'033300,47,313.9517734,60.87542294,0.482928422,0.359840843,22.69763585,2919.969012,2919.969012
'033400,39,297.7690601,62.44753144,0.458035771,0.372399306,17.86339507,2600.284702,2600.284702
'033500,37,240.851396,60.43372262,0.370483607,0.362765023,13.70789348,2304.429444,2304.429444
'033600,26,281.8483528,82.78048681,0.433546144,0.324540603,11.27219974,2126.625401,2126.625401
'033700,24,250.9672537,96.4641595,0.38604407,0.373610806,9.26505769,1921.909514,1921.909514
'033800,33,314.2194969,66.39626373,0.48334024,0.376573333,15.95022793,2423.978765,2423.978765
'033900,31,238.1766487,66.90415261,0.366369245,0.392645965,11.35744659,2040.839029,2040.839029
'034000,29,244.4125757,76.00153193,0.375961502,0.381613746,10.90288356,2022.355702,2022.355702
'034201,25,283.6971018,92.72202673,0.436389937,0.33846368,10.90974842,2086.867468,2086.867468
'034203,17,214.2016443,58.50390471,0.329490301,0.279212994,5.601335111,1288.129383,1086.813592
'034204,16,270.2143699,82.25147694,0.415650463,0.334454577,6.650407409,1488.661753,1488.661753
'034400,40,260.9081911,77.04092323,0.401335467,0.440735267,16.05341869,2732.338866,2732.338866
'034500,48,299.8660747,63.4220521,0.461261451,0.346852969,22.14054964,3021.827036,3021.827036
'034601,61,348.6000612,63.79757931,0.536225277,0.36599093,32.70974192,3526.022283,3526.022283
'034602,56,337.0648078,63.04949259,0.518481465,0.411616774,29.03496203,3256.562696,3256.562696
'034701,46,332.8782956,69.63873507,0.512041667,0.372506845,23.55391669,2997.575752,2997.575752
'034702,42,293.4951188,64.4154176,0.451461488,0.430756996,18.9613825,2693.346918,2693.346918
'034900,42,310.0934023,58.63101048,0.476993379,0.392025188,20.03372193,2648.102095,2648.102095
'035000,56,325.8644598,60.89107704,0.501252812,0.357381789,28.07015746,3313.828795,3313.828795
'035100,39,258.951293,74.33157467,0.398325318,0.396848054,15.53468741,2662.657692,2662.657692
'035200,47,330.9654738,63.02498911,0.509099317,0.400040771,23.9276679,2959.172906,2959.172906
'035300,52,377.7780392,50.80174108,0.581107567,0.389234538,30.2175935,2845.008911,2845.008911
'035500,31,246.6642143,69.33370458,0.379425029,0.344519551,11.7621759,2175.247666,2175.247666
'035700,30,277.2389845,91.85296637,0.426455899,0.277179117,12.79367697,2398.57816,2398.57816
'035800,36,260.0118333,63.14945922,0.399956668,0.340471922,14.39844003,2276.376313,2276.376313
'035900,22,251.7096326,85.62784814,0.387186015,0.344552728,8.518092326,1758.717098,1758.717098
'036000,30,244.588067,57.57171583,0.376231448,0.322423868,11.28694344,1939.733178,1939.733178
'036100,31,317.7165359,59.1868979,0.488719473,0.33305453,15.15030366,2241.36396,2241.36396
'036300,45,336.2261049,68.51822509,0.51719135,0.415398659,23.27361074,2986.853036,2986.853036
'036400,42,259.8299348,80.6395631,0.399676866,0.404075088,16.78642838,2817.358565,2817.358565
'036500,54,315.7406182,57.36800022,0.485680067,0.39997782,26.22672364,3077.077526,3077.077526
'036600,59,381.8568076,48.23143869,0.587381629,0.411204582,34.6555161,3140.427787,3140.427787
'036700,53,293.8501871,61.49772128,0.452007663,0.380913235,23.95640616,3259.969098,3259.969098
'036800,45,275.3936674,80.331793,0.423617387,0.367811974,19.06278239,3122.190189,3122.190189
'036900,38,282.1974202,65.37145834,0.434083088,0.336931549,16.49515734,2603.404617,2603.404617
'037000,52,296.6134264,61.85601844,0.456258146,0.360241829,23.72542361,3241.440621,3241.440621
'037100,66,332.368339,61.45706918,0.511257239,0.390443893,33.7429778,3827.469173,3827.469173
'037200,54,340.8327524,55.11983154,0.524277411,0.377292574,28.31098018,3206.08574,3206.08574
'037402,44,349.0310657,70.01321691,0.536888259,0.469762746,23.62308342,2895.066845,2895.066845
'037403,61,356.5553367,57.00907054,0.548462281,0.457286977,33.45619912,3434.127126,3434.127126
'037500,71,363.5378712,51.4252553,0.559202987,0.413341754,39.70341206,3662.524469,3662.524469
'037601,49,338.0492742,60.66237984,0.519995795,0.394803454,25.47979396,2992.515138,2992.515138
'037603,29,361.5389343,67.39934079,0.556128173,0.381126108,16.12771703,2197.668839,2197.668839
'037604,23,347.6272499,84.52863509,0.534728875,0.43396867,12.29876412,2053.107129,2053.107129
'040101,29,369.3440844,103.3579758,0.568134249,0.518642036,16.47589323,2667.213893,2667.213893
'040102,41,383.5953923,85.88589273,0.590055963,0.551841708,24.1922945,3084.804651,3084.804651
'040200,32,311.7694671,69.96283647,0.479571545,0.544995865,15.34628945,2308.966792,2308.966792
'040301,26,310.5304988,111.3032645,0.477665731,0.472060217,12.419309,2397.064907,2397.064907
'040302,29,345.4809059,78.93186752,0.531427315,0.432235806,15.41139214,2281.953981,2281.953981
'040401,15,326.2188219,166.7779841,0.501797899,0.466494754,7.526968491,1809.337978,1809.337978
'040402,21,408.2976431,108.9414831,0.628053579,0.577172109,13.18912515,2145.277434,2145.277434
'040502,25,337.7085339,92.2319906,0.519471662,0.57135289,12.98679154,2170.039192,2170.039192
'040503,38,396.2450185,71.70103992,0.609513933,0.647804736,23.16152947,2695.247154,2695.247154
'040504,12,285.5996003,156.2158554,0.439316408,0.31104205,5.271796891,1398.332963,1398.332963
'040601,25,307.5427922,60.404966,0.473069969,0.390338805,11.82674924,1894.714545,1894.714545
'040603,30,356.3353405,70.51171677,0.548123877,0.483368003,16.4437163,2194.982475,2194.982475
'040605,5,338.6929592,184.976041,0.520985913,0.30042395,2.604929564,784.710721,784.710721
'040704,59,383.7917886,52.87301168,0.590358066,0.597926409,34.83112589,3347.544218,3347.544218
'040705,50,345.7221189,50.9998176,0.531798356,0.563368259,26.5899178,2832.916066,2832.916066
'040706,59,351.4005619,62.18305832,0.540533078,0.610051799,31.89145161,3412.277199,3412.277199
'040707,63,371.4362949,58.94553226,0.571352539,0.611956521,35.99520993,3639.023228,3639.023228
'040708,56,364.5082094,51.33177325,0.560695586,0.598225825,31.39895284,3122.167516,3122.167516
'040709,46,365.4709512,60.8512338,0.562176498,0.616534145,25.86011892,2816.862383,2816.862383
'040801,12,435.5242471,114.2334794,0.669934218,0.571460939,8.039210614,1377.910104,1377.910104
'040804,23,344.955128,87.44846552,0.530618551,0.517067577,12.20422668,2003.769662,2003.769662
'040805,8,219.7205984,153.4720963,0.337979692,0.320748504,2.703837539,974.421918,767.950494
'040901,14,371.1988265,115.7882349,0.570987256,0.600154897,7.993821582,1537.09095,1537.09095
'040902,7,426.7106048,186.7238529,0.656376855,0.536011,4.594637982,1155.915934,1155.915934
'041001,10,367.0903518,89.9952405,0.564667504,0.503514957,5.646675035,1218.740488,1218.740488
'041002,6,435.1715603,117.455468,0.669391703,0.612685869,4.016350215,947.439623,947.439623
'041103,21,291.8509646,88.8633859,0.448932411,0.194274356,9.427580637,1860.945012,1860.945012
'041104,17,350.9649594,93.21368353,0.539863021,0.507335847,9.177671363,1675.615745,1675.615745
'041105,31,318.5045465,83.51928745,0.489931611,0.388929278,15.18787994,2414.714159,2414.714159
'041106,8,316.3244234,203.6026443,0.486578088,0.337712925,3.892624705,1133.588232,1133.588232
'041107,7,420.2732273,144.7094493,0.64647472,0.462596143,4.525323037,1082.649762,1082.649762
'041200,7,418.1313721,125.4892234,0.643180063,0.622019268,4.502260443,1052.72967,1052.72967
'041301,45,396.5351353,71.06880682,0.609960198,0.615011821,27.44820892,2964.302833,2964.302833
'041302,37,417.5623127,60.39374795,0.642304722,0.543673825,23.76527473,2488.983053,2488.983053
'041400,52,380.2077911,55.50562375,0.584845072,0.625139152,30.41194372,3096.079059,3096.079059
'041500,60,391.2693061,48.11732465,0.601860169,0.595229035,36.11161013,3206.676207,3206.676207
'041601,55,371.9392633,52.30341678,0.572126217,0.530900698,31.46694196,3020.729737,3020.729737
'041602,54,375.264974,54.57995759,0.577241908,0.607966473,31.17106301,3100.382939,3100.382939
'041700,45,385.0180964,46.07596776,0.592244403,0.565302241,26.65099813,2557.089787,2557.089787
'041800,62,382.1232326,52.51618521,0.587791451,0.534447815,36.44306994,3392.565674,3392.565674
'041900,9,430.4629507,120.9783897,0.662148804,0.53915271,5.959339235,1221.732456,1221.732456
'042001,27,417.2271102,58.6935803,0.641789104,0.594175768,17.32830582,1955.378467,1955.378467
'042002,5,377.711505,221.2545318,0.581005221,0.472009263,2.905026105,882.721764,882.721764
'042101,6,358.267075,211.262637,0.551095319,0.54040297,3.306571911,984.914661,984.914661
'042102,12,299.1623748,189.0224504,0.460179003,0.423541171,5.522148041,1573.580347,1573.580347
'042202,23,320.3952725,97.59650939,0.492839974,0.42455464,11.33531941,2121.598624,2121.598624
'042301,20,333.5035764,73.41529425,0.513003492,0.44969804,10.26006984,1798.249914,1798.249914
'042302,34,349.0505125,81.67481029,0.536918173,0.463961473,18.25521788,2601.144308,2601.144308
'042401,15,219.8853464,109.3324681,0.338233113,0.301898598,5.073496694,1422.737424,1228.011927
'042402,25,313.3150005,89.01204912,0.481948924,0.433043663,12.04872309,2143.59448,2143.59448
'042501,26,388.7299783,95.86155665,0.597954113,0.587816382,15.54680693,2199.677478,2199.677478
'042503,23,348.2142138,116.8319461,0.535631759,0.414830175,12.31953047,2219.031237,2219.031237
'042504,21,259.4841234,116.5179171,0.399144933,0.321415914,8.382043602,1945.597653,1945.597653
'042601,10,309.6936681,211.3611606,0.476378498,0.497594388,4.763784981,1408.640378,1408.640378
'042602,1,NA,NA,NA,NA,NA,325.049997,NA
'042700,5,380.1093526,230.8459262,0.584693651,0.478988084,2.923468257,894.711005,894.711005
'042800,29,245.5675481,67.47150228,0.37773811,0.339216652,10.95440519,1970.977468,1970.977468
'042900,42,311.326005,58.4791345,0.478889399,0.341918228,20.11335476,2709.940429,2709.940429
'043001,59,338.9071677,53.67892319,0.521315429,0.389037149,30.75761029,3235.917432,3235.917432
'043002,57,354.9137543,50.88471744,0.545937157,0.379665204,31.11841796,3237.859765,3237.859765
'050107,12,281.5085228,139.3587937,0.433023411,0.338167489,5.196280934,1343.445339,1343.445339
'050109,8,413.5016128,230.2038321,0.636058456,0.655012138,5.08846765,1345.130846,1345.130846
'050110,11,355.332644,112.4799106,0.546581504,0.651769748,6.012396539,1334.360386,1334.360386
'050111,8,180.6617112,67.693524,0.277898339,0.245459842,2.223186714,703.062441,496.591017
'050114,6,408.6859025,63.44178967,0.628650804,0.400118181,3.771904822,826.182289,826.182289
'050115,3,515.8894887,381.6789527,0.793554027,0.580343535,2.380662082,773.834233,773.834233
'050116,7,350.630345,262.1978161,0.539348313,0.553080838,3.775438192,1182.440873,1182.440873
'050208,36,333.9857692,38.45884892,0.513745213,0.275656717,18.49482767,2081.107988,2081.107988
'050215,1,NA,NA,NA,NA,NA,325.049999,NA
'050216,18,389.1022859,81.22336344,0.598526806,0.371060174,10.77348251,1597.541136,1597.541136
'050217,33,342.1597287,36.97177491,0.5263186,0.592580684,17.3685138,1992.942794,1992.942794
'050218,27,300.7427742,42.63775289,0.462610013,0.345369423,12.49047036,1862.119081,1862.119081
'050219,20,363.1706433,88.6541254,0.55863811,0.406739055,11.17276221,1893.18031,1893.18031
'050220,42,369.3929637,44.77280617,0.568209437,0.361542722,23.86479635,2314.443932,2314.443932
'050222,30,313.5342509,32.09316577,0.482286179,0.31649951,14.46858537,1691.501503,1691.501503
'050223,5,345.4162854,194.3076848,0.531327915,0.614180486,2.656639577,807.371706,807.371706
'050224,3,214.1718127,206.0476703,0.329444416,0.086665896,0.988333247,535.159739,321.257719
'050226,4,211.2089953,138.690136,0.32488693,0.259782079,1.29954772,587.474352,386.158561
'050227,5,227.6736174,184.7872124,0.35021322,0.324701519,1.751066098,736.479709,535.163918
'050228,17,381.5775209,103.7450774,0.586952023,0.60603482,9.978184398,1733.42624,1733.42624
'050229,33,287.1626476,27.36513618,0.441720725,0.338641128,14.57678393,1940.390632,1940.390632
'050230,26,275.2869522,53.53439069,0.423453236,0.32558013,11.00978413,1894.723125,1894.723125
'050232,13,336.1475541,126.67002,0.517070522,0.418495379,6.721916783,1510.044741,1510.044741
'050233,28,364.0489454,80.82841861,0.559989135,0.472742471,15.67969579,2229.644295,2229.644295
'050234,12,202.3404107,75.41326225,0.311245055,0.291515207,3.734940658,987.4004,786.084609
'050235,4,414.2433437,244.5036728,0.637199397,0.487153729,2.548797589,793.945802,793.945802
'050236,34,303.0565321,48.77113606,0.466169093,0.351955153,15.84974916,2129.10816,2129.10816
'050237,35,284.8488438,62.43221306,0.438161574,0.421716121,15.33565508,2453.892538,2453.892538
'050238,36,345.2483585,39.07202844,0.531069608,0.430170589,19.11850589,1944.329921,1944.329921
'050239,19,330.9867452,65.31477747,0.50913204,0.32706194,9.673508766,1623.685609,1623.685609
'050241,29,360.8519624,45.46887441,0.555071457,0.649176215,16.09707225,2008.479132,2008.479132
'050401,42,372.6497864,37.12856443,0.573219162,0.581104441,24.07520482,2364.209296,2364.209296
'050402,39,403.2947313,59.89271605,0.620357975,0.538901133,24.19396103,2623.697588,2623.697588
'050501,30,373.9384332,70.24472177,0.57520139,0.366456702,17.25604171,2240.535725,2240.535725
'050504,33,391.2926359,85.52485533,0.601896054,0.339911603,19.86256979,2510.859388,2510.859388
'050505,36,396.4337751,70.37928472,0.609804283,0.528093033,21.95295417,2620.753875,2620.753875
'050602,35,326.4131096,51.91634197,0.502096759,0.454107604,17.57338658,2353.09535,2353.09535
'050605,38,363.5163353,51.47644474,0.55916986,0.345885556,21.24845469,2522.275019,2522.275019
'050606,33,349.3110268,75.36879882,0.537318903,0.515547941,17.73152379,2488.679425,2488.679425
'050607,31,335.6301481,68.10186235,0.516274637,0.459950928,16.00451373,2278.349502,2278.349502
'050608,33,352.2799478,72.76325097,0.541885771,0.399909116,17.88223044,2557.381485,2557.381485
'050609,35,306.2542773,47.90127823,0.471087944,0.53039596,16.48807804,2301.532545,2301.532545
'050611,33,368.0089222,66.32893591,0.566080469,0.511721348,18.68065548,2525.600761,2525.600761
'050612,26,332.1409657,82.52004904,0.510907489,0.439134887,13.28359471,2131.344691,2131.344691
'050702,34,343.5388279,56.20584176,0.528439963,0.434541482,17.96695875,2275.771621,2275.771621
'050704,28,327.2957859,72.41329629,0.503454513,0.401781162,14.09672638,2156.835556,2156.835556
'050706,27,351.3493775,93.90179963,0.540454344,0.501183427,14.5922673,2281.646109,2281.646109
'050707,45,370.3367332,61.0645644,0.569661165,0.484564952,25.63475243,2865.741188,2865.741188
'050709,33,313.6305848,65.21771239,0.482434362,0.51574456,15.92033395,2432.578341,2432.578341
'050710,39,360.5072112,53.38843005,0.554541152,0.47372416,21.62710493,2572.483235,2572.483235
'050711,37,363.0648088,52.37194816,0.558475311,0.395005011,20.66358651,2280.737491,2280.737491
'050712,35,342.153179,60.60298443,0.526308524,0.497313072,18.42079835,2445.952085,2445.952085
'050807,3,18.66964667,10.67681633,0.028718115,0.031533771,0.086154344,339.723239,28.00447
'050808,6,224.9304945,155.9577332,0.345993683,0.286285301,2.075962097,797.584097,596.268306
'050811,6,363.1490667,235.6725892,0.558604919,0.459449978,3.351629511,1021.52959,1021.52959
'050816,14,424.0623887,71.87253821,0.652303296,0.376177458,9.132246149,1283.727486,1283.727486
'050818,1,NA,NA,NA,NA,NA,325.050009,NA
'050819,7,201.7525296,137.7933439,0.310340759,0.260575823,2.172385315,801.454341,594.982917
'050820,5,397.9840778,302.3448186,0.612188996,0.653047249,3.060944979,984.084624,984.084624
'050821,5,362.0222828,141.9996016,0.556871665,0.360773674,2.784358325,788.808739,788.808739
'050822,7,198.0786012,103.5032429,0.304689434,0.212871916,2.132826035,744.373389,543.057598
'050823,12,382.0298278,59.40044508,0.587647772,0.539179216,7.051773268,1199.301736,1199.301736
'050825,12,390.199705,77.57397608,0.600214882,0.521624105,7.202578588,1327.379496,1327.379496
'050826,11,213.4029837,84.02621582,0.328261779,0.317512783,3.610879565,982.654848,781.339057
'050827,6,369.0904914,289.495207,0.56774417,0.364424974,3.406465021,1094.573878,1094.573878
'050828,10,216.1566925,114.0002289,0.332497604,0.319939806,3.324976044,1054.017886,852.702095
'050829,15,370.7647786,121.1726692,0.570319596,0.367204886,8.554793936,1737.923499,1737.923499
'050902,20,401.5840889,58.19036515,0.617726624,0.549786412,12.35453247,1650.473418,1650.473418
'051001,11,354.1685469,120.7361249,0.54479086,0.583906235,5.992699456,1334.065861,1334.065861
'051002,10,420.4013504,138.195912,0.646671801,0.425230883,6.466718013,1350.794853,1350.794853
'051101,47,361.0416893,47.7199593,0.555363299,0.562558677,26.10207504,2679.07559,2679.07559
'051102,50,366.9006606,57.54809728,0.564375714,0.567202156,28.2187857,3007.180007,3007.180007
'051103,34,393.5270602,56.35047238,0.605333102,0.56555738,20.58132548,2250.146086,2250.146086
'051201,49,369.1358875,62.14263478,0.567813996,0.478334605,27.8228858,3028.323197,3028.323197
'051202,39,354.9402242,48.43485108,0.545977874,0.517608259,21.29313708,2263.890874,2263.890874
'051203,52,375.0860952,42.18637012,0.576966753,0.621447662,30.00227117,2739.787054,2739.787054
'051206,42,350.8903191,51.60854674,0.539748209,0.448684187,22.66942477,2540.868625,2540.868625
'051302,46,386.8888358,59.25929365,0.595122021,0.626017044,27.37561295,2888.78324,2888.78324
'051304,47,373.7462162,57.56455432,0.574905718,0.443625692,27.02056872,2920.10885,2920.10885
'051305,47,374.2558193,57.30057055,0.575689602,0.511872494,27.05741127,2939.049447,2939.049447
'051400,51,334.0658531,69.25849186,0.513868399,0.406209387,26.20728835,3291.455344,3291.455344
'051501,41,381.4589773,66.80341127,0.586769677,0.473774623,24.05755676,2849.542276,2849.542276
'051502,48,379.9023655,62.13214542,0.584375259,0.464271916,28.05001243,2917.342852,2917.342852
'051600,19,339.7246195,93.02162516,0.522572853,0.406022096,9.928884212,1826.967633,1826.967633
'060101,32,349.5546929,69.86705119,0.537693716,0.268525106,17.20619892,2352.314442,2352.314442
'060102,25,311.7702373,78.88331164,0.479572729,0.258879776,11.98931822,2142.151302,2142.151302
'060103,27,365.2013031,91.34185781,0.561761719,0.339021115,15.16756641,2161.332494,2161.332494
'060104,36,376.0480925,67.07457661,0.578446521,0.450369026,20.82407476,2423.469695,2423.469695
'060105,29,393.398547,98.142626,0.605135419,0.362597302,17.54892716,2419.210969,2419.210969
'060506,1,NA,NA,NA,NA,NA,325.049996,NA
'060507,5,218.2350304,199.8700326,0.335694557,0.200472699,1.678472783,739.231704,532.76028
'060603,17,221.0784119,114.4656743,0.340068314,0.327051755,5.781161343,1567.210059,1365.894268
'060604,9,227.0309588,160.8523923,0.349224671,0.30903066,3.143022035,1088.748497,887.432706
'060605,8,228.6717966,202.3861826,0.351748649,0.287652876,2.813989191,1069.735874,868.420083
'060606,11,302.3417018,194.6162452,0.465069521,0.405311632,5.115764736,1478.582117,1478.582117
'060731,2,247.46842,247.46842,0.380662082,0.380662082,0.761324163,448.784211,247.46842
'060805,17,312.238691,86.64288847,0.480293317,0.58862489,8.164986392,1681.347441,1681.347441
'060806,29,322.2461413,67.86628079,0.495687025,0.542440002,14.37492373,2155.290811,2155.290811
'060811,31,337.5536229,84.91863974,0.519233372,0.438306797,16.09623455,2455.249118,2455.249118
'060812,33,311.0458907,75.21155267,0.478458522,0.324491718,15.78913121,2566.594981,2566.594981
'060813,52,358.8173806,43.18975642,0.551941813,0.60518079,28.70097425,2649.935,2649.935
'060814,51,364.850506,52.72529837,0.561222115,0.587594987,28.62232788,2970.123036,2970.123036
'060815,50,372.4653166,36.74610484,0.572935406,0.530516426,28.6467703,2544.075677,2544.075677
'060816,45,371.8751851,65.84071671,0.572027649,0.569650305,25.74124422,2975.660082,2975.660082
'060819,39,345.7561301,43.39255815,0.531850673,0.493883463,20.74217623,2381.115981,2381.115981
'060822,17,341.7848123,111.1603345,0.525741892,0.490487122,8.937612168,1699.668528,1699.668528
'060823,24,369.9379933,100.8456285,0.569047814,0.347638403,13.65714754,2292.526004,2292.526004
'060824,24,372.0418938,105.9800369,0.572284084,0.319266555,13.73481802,2291.122025,2291.122025
'060828,15,320.4470277,161.2008766,0.492919582,0.364417489,7.393793731,1753.501129,1753.501129
'060829,10,300.1773547,174.6738759,0.461740269,0.410373524,4.617402686,1275.424608,1275.424608
'060830,59,371.0692758,65.53584209,0.570787981,0.537435955,33.67649088,3601.741698,3601.741698
'060831,48,358.3796856,37.2914896,0.551268539,0.547343194,26.46088985,2512.80132,2512.80132
'060832,24,351.5430343,52.55807796,0.540752232,0.455582112,12.97805356,1665.250146,1665.250146
'060833,38,363.781327,52.38922513,0.559577477,0.542791002,21.26394413,2508.037552,2508.037552
'060834,52,379.6616914,47.92566369,0.584005048,0.495452345,30.36826251,2951.391165,2951.391165
'060835,42,372.0538204,44.13791555,0.572302432,0.57094049,24.03670214,2388.069139,2388.069139
'060836,31,339.5839923,71.82825432,0.522356537,0.501368085,16.19305264,2408.112441,2408.112441
'060837,42,383.9249983,54.8917726,0.590562972,0.600663397,24.80364483,2658.676003,2658.676003
'060838,20,332.9204535,135.750474,0.512106516,0.34572554,10.24213032,2132.101589,2132.101589
'060839,21,257.9149061,94.78388757,0.396731123,0.306793531,8.331353592,1770.34686,1770.34686
'060840,22,286.4787725,79.72029291,0.440668771,0.470338193,9.694712972,1848.311192,1848.311192
'060841,26,306.0911278,60.6159025,0.470836983,0.443802665,12.24176156,1991.027975,1991.027975
'060907,5,429.8452438,117.1212124,0.661198625,0.530457122,3.305993125,814.00975,814.00975
'061003,2,650.100016,650.100016,1,0.888888889,2,650.100016,650.100016
'061102,4,447.0656792,342.9706863,0.687687535,0.560426499,2.750750139,892.412814,892.412814
'061105,2,247.46843,247.46843,0.380662091,0.285496568,0.761324182,448.784221,247.46843
'061106,4,239.8359222,232.304369,0.368921583,0.219584204,1.475686332,678.51077,477.194979
'061109,12,403.8595593,146.2424781,0.621226807,0.565567221,7.454721685,1625.106124,1625.106124
'061110,2,247.46843,247.46843,0.380662091,0.338366303,0.761324182,448.784221,247.46843
'061111,1,NA,NA,NA,NA,NA,325.050006,NA
'061112,2,247.468433,247.468433,0.380662094,0.195749103,0.761324188,448.784224,247.468433
'061502,44,361.9087659,68.19690786,0.556697057,0.45927797,24.49467053,2899.516641,2899.516641
'070204,1,NA,NA,NA,NA,NA,325.049995,NA
'070404,17,355.1177196,133.0443298,0.546250903,0.540350067,9.286265356,1893.580977,1893.580977
'070405,1,NA,NA,NA,NA,NA,325.050009,NA
'070501,17,356.1296208,132.5971699,0.547807434,0.505083229,9.312726382,1894.328684,1894.328684
'070502,22,318.8651994,100.6028842,0.490486377,0.497576642,10.79070029,1982.423861,1982.423861
'070602,28,280.4913907,77.92444518,0.431458832,0.355074613,12.08084729,2228.143954,2228.143954
'070603,14,374.0601196,128.3495064,0.575388572,0.618232949,8.055440008,1627.618005,1627.618005
'070604,20,340.3427894,107.303642,0.523523739,0.499983135,10.47047477,2041.176829,2041.176829
'070704,5,167.1495094,100.150059,0.257113535,0.188196624,1.285567676,570.989189,364.517765
'070906,55,365.4681028,56.30767616,0.562172119,0.579223363,30.91946655,3139.164455,3139.164455
'070907,56,369.4629443,49.73954796,0.568317084,0.61768285,31.82575668,3070.077607,3070.077607
'070909,43,368.4816097,52.48637623,0.56680757,0.604271575,24.3727255,2497.811479,2497.811479
'070910,51,353.8070149,54.00618551,0.544234744,0.512946344,27.75597193,2983.558725,2983.558725
'070911,53,369.6475545,55.33818849,0.568601055,0.617940377,30.1358559,3014.325313,3014.325313
'070912,28,398.878916,75.82896589,0.613565459,0.531252812,17.17983286,2232.639096,2232.639096
'071001,74,365.0245105,47.85105607,0.561489773,0.503114522,41.55024318,3729.135074,3729.135074
'071006,46,370.0270216,48.51178172,0.56918476,0.615081385,26.18249898,2472.076005,2472.076005
'071010,49,385.719628,51.95018653,0.593323515,0.53713893,29.07285224,2834.646384,2834.646384
'071011,52,369.7695619,46.73586179,0.568788729,0.588352883,29.5770139,2759.813551,2759.813551
'071012,54,362.2822216,59.044164,0.557271516,0.507755878,30.09266185,3237.621643,3237.621643
'071013,76,372.5416872,50.97000089,0.573052881,0.47649467,43.55201896,3725.918164,3725.918164
'071014,55,348.4863965,54.47254471,0.536050436,0.565031051,29.48277397,3144.50358,3144.50358
'071016,49,380.2441267,50.86970943,0.584900962,0.562292079,28.66014716,2834.488764,2834.488764
'071019,64,379.1272886,52.40765627,0.583183015,0.423958922,37.32371298,3368.620862,3368.620862
'071020,54,376.0789255,66.39493135,0.578493948,0.386117092,31.2386732,3223.935397,3223.935397
'071021,37,372.823277,44.33974765,0.573486028,0.520661573,21.21898305,2181.674364,2181.674364
'071022,63,388.036785,52.73591151,0.596887823,0.474000163,37.60393286,3303.162327,3303.162327
'071023,51,349.5808487,40.83385647,0.53773395,0.59353825,27.42443145,2481.228311,2481.228311
'071024,51,331.3602161,47.20378169,0.509706521,0.505390185,25.99503255,2770.205463,2770.205463
'071025,41,326.8705539,46.78455095,0.502800411,0.459187434,20.61481686,2441.922717,2441.922717
'071101,2,225.402325,225.402325,0.346719472,0.346719472,0.693438944,437.751157,225.402325
'071102,15,392.8255141,121.2862589,0.604253969,0.420552936,9.06380953,1650.070132,1650.070132
'071207,3,230.953456,214.4384917,0.355258355,0.288953859,1.065775064,547.745975,346.430184
'071210,10,297.9067515,178.5545247,0.458247575,0.492426823,4.582475745,1305.396341,1305.396341
'080202,3,244.031338,240.594247,0.375375073,0.284174813,1.126125218,567.362798,366.047007
'080207,5,470.2727008,172.3696818,0.723385146,0.691589107,3.616925729,927.429237,927.429237
'080209,2,225.402331,225.402331,0.346719478,0.308195092,0.693438956,437.751163,225.402331
'080303,15,362.5663646,101.832402,0.557708594,0.42713739,8.365628903,1594.762723,1594.762723
'080903,17,418.232274,166.6343571,0.643335275,0.475874829,10.93669967,2128.382983,2128.382983
'080905,24,366.1114885,70.81768675,0.56316179,0.484786122,13.51588296,2007.194427,2007.194427
'080906,26,370.816911,56.54192512,0.570399788,0.509229709,14.83039448,1909.743928,1909.743928
'080907,7,348.0398211,255.0509746,0.535363505,0.574462984,3.747544537,1166.995196,1166.995196
'080908,25,361.2572728,68.85693416,0.555694914,0.520643923,13.89237286,2051.133858,2051.133858
'081001,30,374.3087162,84.9456827,0.575770968,0.433025147,17.27312903,2358.311728,2358.311728
'081002,4,473.8543217,121.362927,0.728894492,0.728894492,2.915577967,771.462946,771.462946
'081200,17,311.0142656,123.550421,0.478409875,0.321551352,8.132967876,1784.492545,1784.492545
'090200,1,NA,NA,NA,NA,NA,325.049996,NA
'090302,16,317.2277419,70.558977,0.487967599,0.457678512,7.807481587,1554.935873,1554.935873
'090303,20,339.6759644,129.8636866,0.52249801,0.389763317,10.44996021,2174.240516,2174.240516
'090304,2,237.157157,237.157157,0.364801039,0.364801039,0.729602077,443.628581,237.157157
'090401,28,325.9024812,76.48876371,0.501311298,0.34360472,14.03671634,2190.244604,2190.244604
'090402,16,210.0923074,78.86174875,0.323169215,0.319369905,5.170707435,1261.651545,1060.335754
'090501,37,320.9576833,64.15909568,0.493705086,0.468808145,18.26708819,2557.497519,2557.497519
'090502,28,345.7785321,78.18680018,0.531885131,0.518974078,14.89278367,2207.817757,2207.817757
'090503,38,337.5030319,70.69733205,0.519155552,0.492834882,19.72791096,2765.003062,2765.003062
'090601,43,337.9204946,71.76205451,0.519797704,0.542714134,22.35130127,2961.215716,2961.215716
'090602,32,292.4592376,62.32274231,0.449868071,0.489714402,14.39577828,2273.820136,2273.820136
'090702,27,352.5359458,64.84561122,0.542279555,0.470583734,14.64154797,2137.799425,2137.799425
'090703,41,329.6045503,87.40557668,0.507005911,0.476040156,20.78724234,3045.779197,3045.779197
'090704,29,349.6978101,86.802961,0.537913861,0.468454104,15.59950198,2458.920362,2458.920362
'091201,1,NA,NA,NA,NA,NA,325.049999,NA
'100200,94,375.2781164,49.36362219,0.577262124,0.47031172,54.26263966,4380.455715,4380.455715
'100400,58,344.8287591,72.40504017,0.530424167,0.432778534,30.7646017,3726.438536,3726.438536
'100500,72,352.0123425,54.51852932,0.541474134,0.504150224,38.98613763,3819.707738,3819.707738
'100700,60,347.9422529,68.52749302,0.535213421,0.385148598,32.11280525,3572.061828,3572.061828
'100800,71,361.9902685,49.19357689,0.556822427,0.465329341,39.5343923,3679.881779,3679.881779
'100900,63,343.5212404,55.61592122,0.52841291,0.40197338,33.29001333,3545.183769,3545.183769
'101200,74,364.6639244,63.20179564,0.56093511,0.397907466,41.50919818,4105.448829,4105.448829
'101300,39,298.5110738,94.19811179,0.459177156,0.426437683,17.90790908,3010.62151,3010.62151
'101600,68,365.3676603,49.37463572,0.562017615,0.42025823,38.2171978,3559.775024,3559.775024
'101800,62,316.5586499,68.05835245,0.486938384,0.372592624,30.19017981,3664.49572,3664.49572
'101900,53,328.973041,63.15922575,0.506034508,0.390185602,26.81982894,3219.150159,3219.150159
'102000,83,378.8244454,55.23000423,0.582717175,0.537641757,48.36552552,4182.693451,4182.693451
'102100,51,348.9893412,71.19223149,0.536824078,0.420101936,27.37802795,3366.906945,3366.906945
'102500,67,363.3504401,62.2854209,0.558914676,0.400628904,37.44728327,3862.451355,3862.451355
'102600,72,359.9115255,59.96699793,0.553624853,0.536707772,39.86098942,3910.153029,3910.153029
'102800,66,346.7001125,62.29259645,0.53330273,0.460004613,35.19798017,3794.912806,3794.912806
'103000,76,358.3559996,56.32182119,0.551232104,0.498011429,41.89363993,4073.729674,4073.729674
'103100,76,334.8302372,53.79736268,0.515044193,0.483661348,39.14335863,4074.909338,4074.909338
'103400,53,359.2568101,61.39316192,0.552617753,0.395877041,29.28874094,3157.127019,3157.127019
'103600,58,360.0115691,65.62489279,0.553778742,0.466139618,32.11916703,3460.748694,3460.748694
'103700,64,368.9722668,70.4764485,0.567562309,0.462313076,36.32398778,3913.729275,3913.729275
'103900,35,345.600154,71.96036837,0.531610746,0.472382212,18.60637609,2629.457989,2629.457989
'104001,60,344.0817715,56.10637947,0.529275133,0.425964186,31.756508,3293.282226,3293.282226
'104002,61,363.4112098,59.33807943,0.559008154,0.429537881,34.0994974,3527.379783,3527.379783
'104100,87,363.961183,50.60935244,0.559854137,0.47691695,48.70730991,4249.337976,4249.337976
'104400,35,326.1035183,73.52602274,0.501620538,0.396771028,17.55671883,2648.578589,2648.578589
'104801,30,391.143739,74.4076947,0.601667018,0.558424033,18.05001054,2341.698673,2341.698673
'104802,69,342.5589908,51.29033938,0.526932754,0.406761679,36.35836,3660.746825,3660.746825
'104901,29,243.5406786,69.3650169,0.374620329,0.320730611,10.86398954,1913.97834,1913.97834
'104902,54,314.1976019,58.02806544,0.483306562,0.411699456,26.09855436,3082.875862,3082.875862
'105100,102,361.8649063,42.48328179,0.556629591,0.451841452,56.77621833,4410.33518,4410.33518
'105201,68,373.1148756,53.52796586,0.573934573,0.500913214,39.02755098,3665.702263,3665.702263
'105204,37,308.6767665,87.6718623,0.474814275,0.462882529,17.56812817,2903.657287,2903.657287
'105400,46,329.3049544,57.93300504,0.506545067,0.45324493,23.30107307,2817.994423,2817.994423
'105500,78,369.6557846,52.76758105,0.568613714,0.475635891,44.3518697,3909.156127,3909.156127
'105600,36,285.180489,67.39747983,0.438671719,0.397378697,15.79218187,2566.212316,2566.212316
'105700,37,309.6217605,69.23588089,0.476267888,0.378641826,17.62191185,2705.412196,2705.412196
'106000,58,320.5358915,58.1209261,0.493056276,0.434821571,28.59726401,3352.540038,3352.540038
'106200,64,352.7042418,63.58532578,0.54253843,0.435873112,34.72245955,3821.431859,3821.431859
'106400,74,344.0331029,57.97532595,0.529200269,0.428251516,39.16081992,4095.748569,4095.748569
'106500,115,363.4626951,40.58104858,0.55908735,0.49315634,64.29504527,4734.686105,4734.686105
'106600,60,346.9664759,65.51293718,0.533712456,0.449944189,32.02274738,3559.338203,3559.338203
'106700,64,352.572841,68.00618814,0.542336306,0.448505842,34.70952356,3818.415032,3818.415032
'106900,60,372.6642836,60.51551803,0.573241461,0.474146428,34.39448768,3447.280158,3447.280158
'107000,62,344.8755447,60.16134916,0.530496134,0.413211149,32.89076032,3565.571481,3565.571481
'107400,58,355.1983024,72.19754371,0.546374856,0.423748407,31.68974166,3731.468185,3731.468185
'107500,88,362.1720087,50.64679876,0.557101985,0.4660893,49.02497467,4276.759559,4276.759559
'107600,82,345.8664619,49.28175855,0.532020388,0.411245373,43.62567179,4068.838219,4068.838219
'108000,68,336.8436505,60.508339,0.518141275,0.443063788,35.23360669,3920.78623,3920.78623
'108600,57,354.7747118,68.89098849,0.545723279,0.442195712,31.10622688,3604.049122,3604.049122
'108700,72,340.8128521,50.76708778,0.5242468,0.436658891,37.74576961,3554.765592,3554.765592
'108800,70,344.5747535,50.38717315,0.53003345,0.389571744,37.10234147,3554.083708,3554.083708
'108900,68,353.8887028,56.06065794,0.544360397,0.401348586,37.016507,3719.942776,3719.942776
'109000,70,362.9171971,53.35623093,0.558248251,0.3907867,39.07737759,3722.808244,3722.808244
'109100,100,370.051413,48.92807952,0.569222279,0.480483283,56.92222794,4677.946048,4677.946048
'109200,54,331.1224523,72.35218159,0.509340786,0.41084622,27.50440243,3500.565028,3500.565028
'109300,67,345.4266575,66.99304532,0.53134387,0.398881167,35.60003926,3874.359806,3874.359806
'109400,66,355.7879321,60.91126494,0.547281839,0.441422004,36.12060139,3769.813111,3769.813111
'109700,63,313.9074536,59.99000387,0.482860248,0.386757737,30.42019565,3536.827146,3536.827146
'109800,69,359.2380319,60.57825478,0.552588868,0.396872476,38.12863192,3894.805886,3894.805886
'109900,139,382.2371004,38.23427682,0.587966606,0.497776832,81.72735817,5250.066811,5250.066811
'110000,44,350.3427603,67.13248714,0.53890594,0.451126316,23.71186137,3003.814858,3003.814858
'110100,74,363.9670692,54.37438623,0.559863191,0.449973235,41.42987611,3862.298593,3862.298593
'110200,77,344.2831296,53.90470392,0.529584867,0.404749637,40.77803475,3921.171079,3921.171079
'110400,71,338.3638643,55.74059192,0.520479706,0.408858609,36.95405912,3799.892875,3799.892875
'110500,95,357.4685659,47.44111725,0.549867032,0.412289054,52.23736806,4314.272851,4314.272851
'110800,73,339.530488,70.34454147,0.522274235,0.409290252,38.12601918,4266.237665,4266.237665
'110900,71,338.6481241,61.62398224,0.520916962,0.368021174,36.98510429,3962.578299,3962.578299
'111100,113,364.3912631,40.02038999,0.560515696,0.536245997,63.33827369,4661.302891,4661.302891
'111200,73,354.8053201,58.76075126,0.545770361,0.392215588,39.84123632,4000.521301,4000.521301
'111300,92,356.816078,51.27500795,0.54886336,0.43763452,50.49542907,4422.034743,4422.034743
'111400,86,353.8038708,49.52507767,0.544229907,0.429458636,46.80377198,4241.318766,4241.318766
'111500,92,346.3084861,46.56583414,0.532700321,0.444758209,49.00842949,4291.313323,4291.313323
'111600,84,343.6845104,51.9954489,0.528664056,0.449731558,44.40778072,4233.389197,4233.389197
'122500,59,387.922027,51.29748546,0.596711301,0.468715107,35.20596675,3296.900067,3296.900067
'122600,64,379.7772721,52.21305802,0.584182837,0.407995188,37.38770159,3435.942638,3435.942638
'125500,1,NA,NA,NA,NA,NA,325.050021,NA
'125600,79,350.9156431,49.21385994,0.539787164,0.411196141,42.64318592,3910.161496,3910.161496
'125700,63,352.8983501,59.99557797,0.542837012,0.411788153,34.19873177,3622.824214,3622.824214
'125800,80,372.9174053,50.02906435,0.57363082,0.429136376,45.89046556,4023.697764,4023.697764
'125900,73,354.2197845,54.78010655,0.544869676,0.435244253,39.77548635,3888.908367,3888.908367
'126000,50,325.02283,72.81429422,0.499958196,0.398398955,24.99790979,3301.272663,3301.272663
'126101,30,323.5479565,86.0515788,0.497689508,0.447784001,14.93068525,2474.746103,2474.746103
'126102,48,330.4580452,72.9420433,0.508318779,0.422124726,24.39930139,3257.420713,3257.420713
'126201,48,327.2368869,64.35504698,0.503363913,0.43042409,24.16146784,3113.758846,3113.758846
'126202,49,377.8688398,59.39127512,0.581247239,0.494997078,28.48111472,3034.959349,3034.959349
'126300,80,362.3991751,55.22823985,0.557451418,0.418905478,44.5961134,4170.619954,4170.619954
'980000,14,334.5012927,160.0037416,0.514538202,0.399753659,7.203534824,1713.810033,1713.810033
'980100,39,362.1139208,68.28518544,0.557012631,0.438296354,21.72349262,2729.795983,2729.795983